Quels paramètres réseau le DHCP attribue-t-il automatiquement aux clients d'un réseau IP ?;Uniquement l'adresse IP et le masque;L'adresse IP, le masque de sous-réseau, la passerelle par défaut, les serveurs DNS et d'autres paramètres réseau;L'adresse MAC, l'identifiant NetBIOS et le nom de domaine;L'adresse IPv6, le préfixe de sous-réseau et le serveur NTP;3;Sans DHCP, chaque machine devrait être configurée manuellement avec une adresse IP, un masque, une passerelle par défaut, des serveurs DNS et d'autres paramètres. Le DHCP automatise cette gestion et réduit les erreurs.
Quels sont les ports UDP utilisés par le protocole DHCP ?;UDP 53 pour le serveur et UDP 67 pour le client;UDP 67 pour le serveur et UDP 68 pour le client;UDP 68 pour le serveur et UDP 67 pour le client;TCP 67 pour le serveur et TCP 68 pour le client;3;Le service DHCP utilise UDP 67 pour le serveur DHCP et UDP 68 pour le client DHCP. UDP est utilisé car les clients n'ont pas encore d'adresse IP lors de la communication initiale (broadcast).
Qu'est-ce qu'une étendue (Scope) DHCP ?;La durée pendant laquelle une adresse IP est attribuée à un client;L'association permanente entre une adresse MAC et une adresse IP précise;La plage d'adresses IP distribuées aux clients (ex. : 192.168.1.10 → 192.168.1.200);Les adresses IP qui ne doivent jamais être distribuées;4;Une étendue (Scope) DHCP est la plage d'adresses IP que le serveur peut distribuer aux clients. Exemple : 192.168.1.10 → 192.168.1.200. Elle définit la plage IP, le masque, la durée du bail et les exclusions.
Qu'est-ce qu'un bail DHCP ?;L'association permanente entre une adresse MAC et une adresse IP fixe;La durée pendant laquelle une adresse IP est attribuée à un client;La plage d'adresses IP distribuées dans une étendue DHCP;Les adresses IP exclues de la distribution automatique;3;Le bail DHCP est la durée pendant laquelle une adresse IP est attribuée à un client. Une fois le bail expiré, l'adresse peut être réattribuée à un autre client. Le client renouvelle son bail avant son expiration.
Qu'est-ce qu'une réservation DHCP et quel identifiant utilise-t-elle ?;Une plage d'adresses IP réservée pour des serveurs;Une association permanente entre une adresse MAC et une adresse IP précise;Une liste d'adresses IP qui ne doivent jamais être distribuées;Un bail DHCP de durée illimitée;3;Une réservation DHCP est l'association permanente entre une adresse MAC (identifiant de la carte réseau) et une adresse IP précise. Cela permet à une machine de toujours recevoir la même adresse IP via DHCP.
Quelle est la 1re étape du processus DORA et que fait le client lors de cette étape ?;Discover : le client envoie une requête unicast au serveur DHCP connu;Discover : le client diffuse (broadcast) une requête sur le réseau pour rechercher un serveur DHCP;Discover : le client accepte l'offre du serveur DHCP;Discover : le client confirme l'attribution de l'adresse IP;3;Lors de l'étape DHCP Discover, le client démarre sans adresse IP et diffuse (broadcast) une requête sur le réseau pour rechercher un serveur DHCP. Il n'a pas encore d'adresse IP ni d'adresse serveur DHCP.
Que contient l'offre DHCP (étape Offer) envoyée par le serveur ?;Uniquement une adresse IP disponible;Une adresse IP disponible, le masque, la passerelle, le DNS et la durée du bail;Une confirmation officielle de l'attribution de l'adresse IP;Une demande de renouvellement du bail existant;3;Lors de l'étape DHCP Offer, le serveur répond avec une adresse IP disponible, le masque de sous-réseau, la passerelle, le DNS et la durée du bail. Le client reçoit cette offre et peut l'accepter ou attendre d'autres offres.
Que se passe-t-il lors des étapes Request et ACK du processus DORA ?;Request : le serveur valide l'attribution ; ACK : le client accepte l'offre;Request : le client accepte l'offre et demande l'utilisation de l'adresse ; ACK : le serveur confirme officiellement l'attribution;Request : le client recherche un serveur DHCP ; ACK : le serveur propose une adresse;Request : le client renouvelle son bail ; ACK : le serveur valide le renouvellement;3;Lors du DHCP Request, le client accepte l'offre du serveur et demande l'utilisation de l'adresse proposée. Lors du DHCP ACK (Acknowledge), le serveur confirme officiellement l'attribution de l'adresse IP.
À quel moment le client DHCP renouvelle-t-il son bail ?;À la moitié de la durée du bail (T1=50%) et tente d'autres serveurs à 87,5% (T2=87,5%);À 90% de la durée du bail uniquement;Uniquement après l'expiration complète du bail;À chaque redémarrage du système, indépendamment de la durée du bail;2;Le client renouvelle son bail avant expiration : T1 à 50% du bail (il tente le serveur d'origine), T2 à 87,5% (il tente d'autres serveurs DHCP disponibles). Cela garantit la continuité de l'adressage.
Où Windows Server stocke-t-il la base de données DHCP et que contient-elle ?;Dans Active Directory (AD DS), contenant utilisateurs et groupes;Dans %systemroot%\System32\dhcp, contenant les baux, réservations, journaux et configuration des étendues;Dans le fichier %systemroot%\system32\drivers\etc\hosts;Dans la base de registre HKLM\SYSTEM\CurrentControlSet\Services\DHCPServer;3;Sous Windows Server, les informations DHCP sont stockées dans %systemroot%\System32\dhcp. Cette base contient les baux actifs, les réservations, les journaux et la configuration des étendues.
Quelle commande PowerShell installe le rôle DHCP avec les outils de gestion sous Windows Server ?;Add-WindowsFeature DHCP -ManagementTools;New-WindowsFeature -Name DHCPServer -Tools;Install-WindowsFeature DHCP -IncludeManagementTools;Enable-WindowsOptionalFeature -Feature DHCP;4;La commande PowerShell pour installer le rôle DHCP est : Install-WindowsFeature DHCP -IncludeManagementTools. L'option -IncludeManagementTools installe aussi la console de gestion DHCP (DHCP Manager).
Pourquoi doit-on autoriser le serveur DHCP dans Active Directory et quelle commande effectue cette autorisation ?;Pour synchroniser les baux DHCP avec Active Directory;Pour éviter les serveurs DHCP pirates qui pourraient distribuer de fausses adresses : Add-DhcpServerInDC;Pour activer le service DHCP au démarrage de Windows Server;Pour configurer la réplication des baux entre serveurs DHCP;3;Dans un environnement Active Directory, le serveur DHCP doit être autorisé pour éviter les serveurs DHCP pirates qui pourraient distribuer de fausses configurations réseau. La commande d'autorisation est Add-DhcpServerInDC.
Quelle option DHCP correspond à la configuration de la passerelle par défaut ?;Option 006;Option 015;Option 003;Option 067;4;L'option DHCP 003 configure la passerelle par défaut. L'option 006 configure les serveurs DNS, l'option 015 le nom de domaine DNS et les options 066/067 le démarrage PXE (boot réseau).
À quoi servent les options DHCP 066 et 067 ?;À configurer la passerelle par défaut et les serveurs DNS;Au démarrage PXE permettant le boot réseau des machines;À définir le nom de domaine DNS et le suffixe de recherche;À configurer les serveurs de temps NTP et NTS;3;Les options DHCP 066 (Boot Server Host Name) et 067 (Bootfile Name) sont utilisées pour le démarrage PXE (Preboot eXecution Environment), permettant de booter des machines sans disque dur via le réseau.
Quelles fonctionnalités Windows Server offre-t-il pour la haute disponibilité du service DHCP ?;NIC Teaming, Failover Clustering et Load Balancing;Le mode failover, la répartition de charge et la redondance DHCP;Uniquement la sauvegarde automatique de la base de données DHCP;Les zones DNS intégrées AD et la réplication automatique;3;Windows Server propose pour la haute disponibilité DHCP : le mode failover (basculement automatique), la répartition de charge entre deux serveurs DHCP et la redondance DHCP. Les objectifs sont la continuité de service et la tolérance aux pannes.
Pour quels usages le DNS est-il indispensable dans une infrastructure Windows Server ?;Uniquement pour la navigation Internet;Pour Active Directory, les services réseau, Internet et les applications distribuées;Uniquement pour la résolution des noms de machines sur le réseau local;Pour l'authentification des utilisateurs et la gestion des politiques GPO;3;Le DNS est indispensable à Active Directory (localisation des contrôleurs de domaine), aux services réseau, à Internet et aux applications distribuées. Sans DNS, Active Directory ne peut pas fonctionner.
Quels ports le service DNS utilise-t-il et pour quel usage ?;UDP 53 uniquement pour toutes les requêtes DNS;TCP 53 uniquement pour les requêtes DNS classiques;UDP 53 pour les requêtes DNS classiques et TCP 53 pour les transferts de zones et les grosses réponses;UDP 67 pour les requêtes DNS et TCP 68 pour les réponses;4;Le DNS utilise UDP 53 pour les requêtes classiques (résolution de noms) et TCP 53 pour les transferts de zones (réplication entre serveurs DNS) et les réponses trop grandes pour UDP.
Quel type d'enregistrement DNS est utilisé par Active Directory pour la localisation de ses services ?;Enregistrement A;Enregistrement MX;Enregistrement CNAME;Enregistrement SRV;5;L'enregistrement SRV (Service) est utilisé par Active Directory pour la localisation de ses services (contrôleurs de domaine, serveurs Kerberos, etc.). C'est grâce aux enregistrements SRV que les clients Windows localisent les services AD.
Quelle est la différence entre une zone DNS principale et une zone secondaire ?;La zone principale est en lecture seule et la zone secondaire est modifiable;La zone principale contient les enregistrements originaux et est modifiable, la zone secondaire est une copie en lecture seule;La zone principale gère IPv6 et la zone secondaire gère IPv4;Les deux zones sont identiques, seule la priorité diffère;3;La zone principale DNS contient les enregistrements originaux et est modifiable par l'administrateur. La zone secondaire est une copie en lecture seule d'une zone principale, utilisée pour la redondance et la répartition de charge.
Quels avantages offre une zone DNS intégrée Active Directory par rapport à une zone DNS standard ?;Elle permet uniquement la gestion de plus de 10 000 enregistrements DNS;Réplication automatique, sécurisation et tolérance aux pannes (stockée dans la base AD DS);Performance améliorée grâce au cache DNS intégré à Active Directory;Accès en lecture/écriture depuis tous les contrôleurs de domaine sans configuration supplémentaire;3;Une zone DNS intégrée Active Directory est stockée dans la base AD DS. Elle offre : la réplication automatique avec Active Directory, la sécurisation des mises à jour et la tolérance aux pannes.
Qu'est-ce que le DNS dynamique et avec quel service est-il très utilisé ?;Un DNS qui met à jour ses enregistrements manuellement via la console;Un DNS qui enregistre automatiquement les machines et met à jour les adresses IP, très utilisé avec DHCP;Un DNS qui synchronise ses enregistrements avec les serveurs Internet;Un DNS qui gère uniquement les enregistrements IPv6;3;Le DNS dynamique permet l'enregistrement automatique des machines et la mise à jour des adresses IP sans intervention manuelle. Il est très utilisé avec DHCP : quand un client obtient une adresse IP via DHCP, le DNS est automatiquement mis à jour.
Que font les redirecteurs DNS (DNS Forwarders) ?;Ils répliquent les zones DNS entre serveurs;Ils transmettent les requêtes DNS inconnues vers les DNS du fournisseur Internet, des DNS publics ou d'autres serveurs internes;Ils convertissent les requêtes DNS classiques en requêtes DNSSEC;Ils gèrent la mise en cache des réponses DNS pour améliorer les performances;3;Les redirecteurs DNS transmettent les requêtes que le serveur DNS local ne peut pas résoudre vers les DNS du fournisseur Internet, des DNS publics (ex. 8.8.8.8) ou d'autres serveurs internes.
Quels mécanismes Windows Server propose-t-il pour sécuriser le service DNS ?;Uniquement le filtrage des requêtes par adresse IP source;Mises à jour sécurisées, contrôle des transferts de zone, DNSSEC et journalisation DNS;Chiffrement TLS de toutes les requêtes DNS;Authentification Kerberos pour chaque requête DNS;3;Windows Server propose pour sécuriser DNS : les mises à jour sécurisées (seuls les clients AD autorisés peuvent mettre à jour), le contrôle des transferts de zone, DNSSEC (signature cryptographique des enregistrements) et la journalisation DNS.
Quelle commande PowerShell affiche les étendues DHCP configurées sur un serveur Windows Server ?;Get-DhcpServerv4Lease;Show-DhcpServerv4Scope;Get-DhcpServerv4Scope;List-DhcpServerv4Scope;4;La commande Get-DhcpServerv4Scope affiche les étendues DHCP configurées. Get-DhcpServerv4Lease affiche les baux DHCP actifs et Add-DhcpServerv4Scope crée une nouvelle étendue.
Quelle commande PowerShell crée une zone DNS principale sous Windows Server ?;New-DnsServerZone -Name "entreprise.local";Create-DnsServerPrimaryZone "entreprise.local";Add-DnsServerPrimaryZone -Name "entreprise.local" -ZoneFile "entreprise.local.dns";Set-DnsServerZone -Name "entreprise.local" -Primary;4;La commande Add-DnsServerPrimaryZone -Name "entreprise.local" -ZoneFile "entreprise.local.dns" crée une zone DNS principale. Get-DnsServerZone liste les zones existantes et Get-DnsServerResourceRecord affiche les enregistrements d'une zone.
