Que signifie DHCP et quel est son rôle principal ?;Dynamic Host Control Protocol : attribue des noms d'hôtes aux machines;Dynamic Host Configuration Protocol : permet à un client d'obtenir automatiquement une configuration IP complète sans intervention manuelle;Dynamic HTTP Connection Protocol : sécurise les connexions web;Distributed Host Configuration Protocol : distribue les fichiers de configuration sur le réseau;3;Le DHCP (Dynamic Host Configuration Protocol) permet à un client (ordinateur, serveur, équipement réseau) d'obtenir automatiquement une configuration IP complète (adresse IP, masque, passerelle, DNS, hostname, lease time) sans intervention manuelle.
Quels sont les 4 échanges du protocole DHCP pour l'attribution d'une adresse IP (méthode DORA) ?;SYN, SYN-ACK, ACK, FIN;Connect, Accept, Bind, Release;Discovery, Offer, Request, Ack;Discover, Notify, Request, Apply;4;Le processus DHCP repose sur 4 étapes (DORA) : Discovery (le client diffuse un DHCPDISCOVER), Offer (le serveur répond avec un DHCPOFFER), Request (le client envoie un DHCPREQUEST) et Ack (le serveur confirme avec un DHCPACK).
Sur quels ports UDP communiquent respectivement le client et le serveur DHCP ?;Client sur port 53, serveur sur port 53;Client sur port 80, serveur sur port 443;Client sur port 68, serveur sur port 67;Client sur port 67, serveur sur port 68;4;En DHCP, le client utilise le port 68 (UDP) et le serveur utilise le port 67 (UDP). Le client diffuse (broadcast) une requête DHCPDISCOVER pour localiser un serveur DHCP.
Que se passe-t-il si aucun serveur DHCP n'est disponible lorsqu'un client cherche à obtenir une adresse IP ?;Le client utilise sa dernière adresse IP connue en cache;Le client obtient une adresse APIPA (169.254.x.y) auto-attribuée;Le client reste sans adresse IP jusqu'à la disponibilité du serveur;Le client utilise l'adresse IP 0.0.0.0 par défaut;3;Si le serveur DHCP est indisponible, les clients ne peuvent pas obtenir d'adresse normale. En IPv4, ils se voient attribuer automatiquement une adresse APIPA (169.254.x.y) pour permettre une communication locale minimale.
Qu'est-ce que le DHCP statique (ou pseudo-dynamique) et pourquoi est-il utilisé ?;Un mode DHCP qui attribue les mêmes adresses lors de chaque démarrage;Un mode associant une adresse IP fixe à une adresse MAC spécifique pour remédier aux risques de sécurité;Un protocole DHCP qui nécessite une intervention manuelle;Un DHCP qui n'attribue des adresses que pendant les heures de bureau;3;Le DHCP statique (ou pseudo-dynamique) associe une adresse MAC à une adresse IP fixe dans la configuration du serveur. Il permet de remédier au risque de sécurité d'un serveur DHCP non sécurisé qui pourrait attribuer des adresses à des intrus.
Où est stocké le fichier de bail (lease) du client DHCP sous Linux ?;/etc/dhcp/dhcpd.conf;/etc/resolv.conf;/var/lib/dhcp/dhclient-<interface>.leases;/etc/sysconfig/network-scripts/ifcfg-eth0;4;Le bail DHCP (durée, serveur, etc.) est stocké dans /var/lib/dhcp/dhclient-<interface>.leases. Pour forcer le renouvellement du bail, on utilise : dhclient -r eth0 && dhclient eth0.
Dans quel fichier se configure le serveur DHCP (dhcpd) sous Linux ?;/etc/hosts;/etc/resolv.conf;/etc/network/interfaces;/etc/dhcp/dhcpd.conf;5;La configuration du serveur DHCP sous Linux (paquet isc-dhcp-server) se fait dans /etc/dhcp/dhcpd.conf. Ce fichier définit les plages d'adresses dynamiques, les options (passerelle, DNS) et les réservations DHCP statiques.
Quelle commande démarre le service serveur DHCP sous Linux (Systemd) ?;service dhcpd start;/etc/init.d/dhcpd start;dhcpd -start;systemctl start dhcpd;5;La commande systemctl start dhcpd démarre le serveur DHCP sous Linux (Systemd). C'est le démon dhcpd du paquet isc-dhcp-server qui gère les attributions d'adresses IP.
Qu'est-ce que le DNS (Domain Name System) et quel problème résout-il ?;Un protocole de chiffrement des noms de domaine;Un système hiérarchique et distribué traduisant les noms de domaine en adresses IP, évitant la mémorisation des adresses IP;Un protocole d'attribution dynamique des adresses IP;Un système de gestion des enregistrements de sécurité réseau;3;Le DNS (Domain Name System) est un système hiérarchique et distribué qui traduit un nom de domaine (ex. : google.com) en adresse IP (ex. : 142.250.179.46). Sans DNS, les utilisateurs devraient mémoriser les adresses IP de tous les sites.
Combien de serveurs racines existent dans l'architecture DNS et qui les gère ?;7 serveurs racines gérés par l'IETF;13 serveurs racines (A à M) gérés par des organisations comme VeriSign, ICANN ou RIPE NCC;26 serveurs racines gérés par l'ICANN;53 serveurs racines répartis sur les continents;3;Il existe 13 serveurs racines (nommés de A à M), gérés par des organisations comme VeriSign, ICANN ou RIPE NCC. Ils répondent aux requêtes pour les TLD (.com, .fr) et redirigent vers les serveurs DNS autoritaires. Ils sont dupliqués via Anycast sur plus de 130 sites.
Quel organisme supervise l'attribution des noms de domaine et des adresses IP à l'échelle mondiale ?;L'IETF (Internet Engineering Task Force);L'IANA (Internet Assigned Numbers Authority);L'ICANN (Internet Corporation for Assigned Names and Numbers);Le W3C (World Wide Web Consortium);4;L'ICANN (Internet Corporation for Assigned Names and Numbers) supervise l'attribution des noms de domaine et des adresses IP à l'échelle mondiale. Les registries gèrent les TLD et les registrars (ex. : OVH, Gandi) vendent les noms aux utilisateurs.
Quel type de serveur DNS est un serveur "Slave" ?;Un serveur DNS qui ne répond qu'aux requêtes de type NS;Un serveur cache qui stocke les réponses pour accélérer les requêtes futures;Un serveur secondaire qui copie les données du master pour la redondance;Un serveur relais qui transmet les requêtes à un serveur autoritaire;4;Un serveur DNS Slave est un serveur secondaire qui copie les données du master pour assurer la redondance. Le serveur Master est primaire et gère la zone. Le serveur Forward est un relais et le Hint/Cache stocke les réponses.
Quel type d'enregistrement DNS associe un nom de domaine à une adresse IPv4 ?;AAAA;CNAME;MX;A;5;L'enregistrement DNS de type A associe un nom de domaine à une adresse IPv4 (ex. : example.com. A 192.0.2.1). L'enregistrement AAAA associe un nom à une adresse IPv6 (ex. : example.com. AAAA 2001:db8::1).
Quel type d'enregistrement DNS crée un alias vers un autre nom de domaine ?;A;MX;CNAME;PTR;4;L'enregistrement CNAME crée un alias vers un autre nom de domaine (ex. : www.example.com. CNAME example.com.). Il est utile pour rediriger plusieurs noms vers le même serveur sans dupliquer les enregistrements A.
Quel type d'enregistrement DNS définit les serveurs de messagerie d'un domaine ?;NS;A;PTR;MX;5;L'enregistrement MX (Mail eXchanger) définit les serveurs de mail d'un domaine (ex. : example.com. MX 10 mail.example.com.). Le chiffre 10 indique la priorité (le plus bas est le plus prioritaire).
Quel type d'enregistrement DNS est utilisé pour la résolution inverse (IP vers nom) ?;A;CNAME;NS;PTR;5;L'enregistrement PTR assure la résolution inverse (IP vers nom). Exemple : 1.2.0.192.in-addr.arpa. PTR example.com. Il est utilisé pour le reverse DNS et les vérifications anti-spam des serveurs mail.
Que contient l'enregistrement SOA (Start of Authority) d'une zone DNS ?;Les adresses IP des serveurs racines;Les serveurs de messagerie du domaine;Les informations sur la zone (serveur primaire, contact administrateur, durée de rafraîchissement);Les alias des sous-domaines;4;L'enregistrement SOA (Start of Authority) contient les informations sur la zone : le serveur primaire, le contact administrateur, le numéro de série, les durées de rafraîchissement, de nouvelle tentative, d'expiration et de TTL minimum.
Dans quelle séquence se déroule la résolution d'une requête DNS pour www.example.com ?;Serveur TLD, serveur racine, serveur autoritaire, cache;Résolveur DNS local, cache, serveur racine, serveur TLD, serveur autoritaire;Cache, serveur autoritaire, serveur TLD, serveur racine;Serveur autoritaire, puis ICANN valide la réponse;3;La séquence est : (1) le résolveur interroge son cache, (2) si absent consulte un serveur racine, (3) qui redirige vers le serveur TLD .com, (4) qui indique le serveur autoritaire de example.com, (5) qui renvoie l'adresse IP. La réponse est mise en cache.
Quel paquet Linux fournit le service DNS Bind et quelle commande l'installe sous Debian/Ubuntu ?;package dns, apt install dns9;package named, apt install named;package bind9, apt install bind9;package dnsmasq, apt install dnsmasq;4;Le service DNS Bind sous Linux utilise le paquet bind (ou bind9 sur Debian/Ubuntu). Installation : apt install bind9 sur Debian/Ubuntu ou yum install bind sur CentOS.
Quel est le fichier de configuration principal du serveur DNS Bind sous Linux ?;/etc/bind/zones.conf;/etc/dns/named.conf;/etc/named.conf;/var/named/named.conf;4;Le fichier /etc/named.conf est la configuration principale de Bind. Il définit les zones DNS, les options globales et les ACL (listes de contrôle d'accès). Les fichiers de zones directe et inverse se trouvent dans /var/named/.
Quelle commande vérifie la syntaxe du fichier de configuration principal de Bind ?;bind-check /etc/named.conf;named-verify /etc/named.conf;named-checkconf /etc/named.conf;bindcheck -c /etc/named.conf;4;La commande named-checkconf /etc/named.conf vérifie la syntaxe du fichier de configuration principal de Bind. named-checkzone example.com /var/named/example.com.hosts vérifie la syntaxe d'un fichier de zone spécifique.
Quelle commande démarre le service DNS Bind sous Systemd ?;service named start;bind start;/etc/init.d/named start;systemctl start named;5;La commande systemctl start named démarre le service DNS Bind sous Systemd. SystemV utilise /etc/rc.d/init.d/named start. Pour le démarrage automatique : systemctl enable named.
Quelle directive du fichier /etc/resolv.conf définit un domaine de recherche pour les noms courts ?;nameserver;domain;search;resolve;4;La directive "search example.com" dans /etc/resolv.conf définit un domaine de recherche pour les noms courts. Ainsi, une requête pour "serveur1" sera automatiquement étendue en "serveur1.example.com". "nameserver" définit les serveurs DNS à interroger.
Quelle commande Linux permet une résolution DNS inverse (IP vers nom) ?;nslookup -reverse @IP;host -r @IP;dig -x @IP;dns -inverse @IP;4;La commande dig -x @IP effectue une résolution DNS inverse (IP vers nom). Exemple : dig -x 8.8.8.8 renvoie le nom associé à l'adresse IP 8.8.8.8. host et nslookup peuvent aussi effectuer des résolutions inverses.
Quelle est la différence entre les outils DNS nslookup et dig sous Linux ?;nslookup est réservé aux administrateurs, dig aux développeurs;nslookup est un outil interactif pour interroger le DNS, dig est un outil avancé fournissant des requêtes DNS plus détaillées;dig ne supporte pas la résolution inverse, nslookup si;nslookup est obsolète sur Linux et remplacé par dig dans toutes les distributions;3;nslookup est un outil interactif pour interroger le DNS. dig est un outil plus avancé fournissant des requêtes DNS détaillées avec plus d'options et d'informations. dig -x permet la résolution inverse et dig est l'outil recommandé pour le diagnostic DNS avancé.
